{
  "id": "3882588",
  "name": "hometest",
  "font_family": "iconfont",
  "css_prefix_text": "icon-",
  "description": "",
  "glyphs": [
    {
      "icon_id": "7191802",
      "name": "邮箱",
      "font_class": "youxiang1",
      "unicode": "e631",
      "unicode_decimal": 58929
    },
    {
      "icon_id": "348504",
      "name": "github",
      "font_class": "github",
      "unicode": "ead8",
      "unicode_decimal": 60120
    },
    {
      "icon_id": "5699519",
      "name": "微博",
      "font_class": "weibo",
      "unicode": "e62f",
      "unicode_decimal": 58927
    },
    {
      "icon_id": "7338223",
      "name": "b站",
      "font_class": "bzhan",
      "unicode": "e634",
      "unicode_decimal": 58932
    }
  ]
}
